id,instituicao,bairro,cep,cidade,descricao,fields/email,fields/endereco,fields/entidade_que_administra_o_abrigo,fields/estado,fields/facebook,idade,numero_de_criancas,pais,possui_programa_de_apadrinhamento_afetivo,responsavel,site,telefone,end_format,lat_long,user_inst,logo_img,autorizado,editado
0,Casa de convivência - unidade viii,Aclimação,1526000,São Paulo,Ligado a ONG Lar Batista de Crianças.,aclimacao@larbatista.com.br,rua bueno de andrade 266,,SP,,de 0 a 15 anos,20,Brasil,,,www.larbatista.com.br,11-3209-0110,"['Rua Bueno de Andrade, 266, Liberdade, São Paulo - SP, 01526-000, Brasil, São Paulo, SP 01526-000, BRA', (-23.5626399, -46.63185)]","-23.5626399,-46.63185",,,true,true
1,Casa vida,Agua Rasa,3175001,São Paulo,Ligada ao Centro Social Nossa Senhora do Bom Parto,acolhe@acolhe.org.br,rua serra de jairé 1433,,SP,,de 0 a 18 anos,23,Brasil,,,http //www.acolhe.org.br,11-6606-2185,"['Rua Serra de Jairé, 1433, Água Rasa, São Paulo - SP, 03175-001, Brasil, São Paulo, SP 03175-001, BRA', (-23.5534612, -46.5799406)]","-23.5534612,-46.5799406",,,true,true
2,Nosso lar iii,Água Rasa,03343-030,São Paulo,,captacaorecursos@capsnossolar.org.br,rua jalisco 12,,SP,,de 0 a 17 anos,20,Brasil,,,,11- 2020-8888,"['Rua Jalisco, 12, Água Rasa, São Paulo - SP, 03343-030, Brasil, São Paulo, SP 03343-030, BRA', (-23.56342, -46.56528)]","-23.56342,-46.56528",,,true,true
3,Auxiliadora i - centro de referência - porta de entrada,Balneário São Francisco,4473070,São Paulo,Ligada a ONG Centro Comunitário Católico e Obras Sociais Oscar Romero.,,rua dos carapós 01,,SP,,de 0 a 7 anos,20,Brasil,,,,11-5676-2512,"['Rua dos Carapós, Pedreira, São Paulo - SP, 04473-070, Brasil, São Paulo, SP 04473-070, BRA', (-23.69837, -46.64949)]","-23.69837,-46.64949",,,true,true
4,,Barra Funda,1136000,São Paulo,"A Fraternidade Irmã Clara é uma Instituição Beneficente, fundada em 1982, que tem como finalidade proporcionar o acolhimento, a reabilitação e a inclusão social de pessoas com o diagnóstico de Paralisia Cerebral. A FIC é mantida através de doações de pessoas físicas e/ou jurídicas.",,,,,,,,,,,,,,,,,true,true
5,Casa taiguara bela vista,Bela Vista,1320021,São Paulo,,casataiguara.vicente@terra.com.br,rua vicente prado 93,,SP,,de 13 a 18 anos,15,Brasil,,Vicente de Almeida Junior,http //www.casataiguara.org.br,11-3241-3146,"['Rua Vicente Prado, 93, Bela Vista, São Paulo - SP, 01321-020, Brasil, São Paulo, SP 01321-020, BRA', (-23.55661, -46.6412199)]","-23.55661,-46.6412199",,,true,true
6,Casa coração de maria,Belenzinho,3060010,São Paulo,Ligado ao centro Social Nossa Senhora do Bom Parto,,rua redenção 52,,SP,,de 0 a 18 anos,20,Brasil,,,http //www.acolhe.org.br,11-2081-1623,"['Rua Redenção, 52, Belém, São Paulo - SP, 03060-010, Brasil, São Paulo, SP 03060-010, BRA', (-23.53667, -46.58687)]","-23.53667,-46.58687",,,true,true
7,Casa maria maymard,Belenzinho,3060030,São Paulo,Ligada ao Centro Social Nossa Senhora do Bom Parto.,acolhe@acolhe.org.br,rua engenheiro muniz de aragão 40,,SP,,de 0 a 18 anos,20,Brasil,,,http //www.acolhe.org.br/teste/casas.html,11-3578-5672,"['Rua Engenheiro Muniz de Aragão, 40, Belém, São Paulo - SP, 03060-030, Brasil, São Paulo, SP 03060-030, BRA', (-23.53813, -46.58484)]","-23.53813,-46.58484",,,true,true
8,Casa santa bakhita,Belenzinho,3086040,São Paulo,Ligada ao Centro Social Nossa Senhora do Bom Parto,casabakhita@ig.com.br,rua herval 942,,SP,,de 0 a 3 anos,25,Brasil,,,www.bompar.org.br,11-2692-4569,"['Rua Herval, 942, Belém, São Paulo - SP, 03062-000, Brasil, São Paulo, SP 03062-000, BRA', (-23.54036, -46.58626)]","-23.54036,-46.58626",,,true,true
9,Abrigo instituto dom bosco,Bom Retiro,1131000,São Paulo,,adm_idb@idb.org.br,rua dos italianos 1246,,SP,,de 0 a 18 anos,23,Brasil,,,,11-3337-3289,"['Rua dos Italianos, 1246, Bom Retiro, São Paulo - SP, 01131-000, Brasil, São Paulo, SP 01131-000, BRA', (-23.5189579, -46.6467262)]","-23.5189579,-46.6467262",,,true,true
10,Lar santa tereza,Brooklin,4567070,São Paulo,,,rua manguatá 99,,SP,,de 0 a 18 anos,20,Brasil,,,,11-5042-2965,"['Rua Manguatá, 99, Itaim Bibi, São Paulo - SP, 04567-070, Brasil, São Paulo, SP 04567-070, BRA', (-23.61349, -46.68915)]","-23.61349,-46.68915",,,true,true
11,Sociedade beneficente alemã,Butantã,5591000,São Paulo,,larrecantofeliz@beneficencia-alema.org.br,rua dr. romeo ferro 246,,SP,,,,Brasil,,,http //www.beneficencia-alema.org.br/,11-3723-7272,"['Rua Doutor Romeo Ferro, 246, Butantã, São Paulo - SP, 05591-000, Brasil, São Paulo, SP 05591-000, BRA', (-23.5794793, -46.7314778)]","-23.5794793,-46.7314778",,,true,true
12,Casa abrigo lar boa semente,Cambuci,1536000,São Paulo,Ligada a ONG Associação Beneficente do Cambuci.,hungaro@terra.com.br,av. lacerda franco 666,,SP,,de 0 a 18 anos,11,Brasil,,,,11-3209-2382,"['Avenida Lacerda Franco, 666, Liberdade, São Paulo - SP, 01536-000, Brasil, São Paulo, SP 01536-000, BRA', (-23.56847, -46.62357)]","-23.56847,-46.62357",,,true,true
13,Centro comunitário da criança e do adolescente - ccca,Cambuci,1539010,São paulo,,,rua gama cerqueira 203,,SP,,de 0 a 18 anos,20,Brasil,,,,11-3277-1615,"['Rua Gama Cerqueira, 203, Cambuci, São Paulo - SP, 01539-010, Brasil, São Paulo, SP 01539-010, BRA', (-23.56916, -46.61971)]","-23.56916,-46.61971",,,true,true
14,Abrigo anália franco,Campo Grande,,São Paulo,Ligada a ONG Programa Social Gotas de Flor com Amor.,abrigoanaliafranco@uol.com.br,rua prof. haydée da silva martins,,SP,,de 0 a 18 anos,21,Brasil,,,http //www.gotasdeflor.org.br/site2011/site2011/site2010/paginas/template575e.html?menu=2&submenu=52,11-5634-0810,"['Rua Professora Haideé Silva Martins, Campo Grande, São Paulo - SP, 04693-030, Brasil, São Paulo, SP 04693-030, BRA', (-23.67798, -46.6908699)]","-23.67798,-46.6908699",,,true,true
15,Associação beneficente lar benjamin,Campo Grande,4455130,São Paulo,,larbenjamin@hotmail.com,rua joão scatamacchia 278,,SP,,de 9 a 18 anos,7,Brasil,,,,11-5611-8883,"['Rua João Scatamacchia, 278, Campo Grande, São Paulo - SP, 04455-130, Brasil, São Paulo, SP 04455-130, BRA', (-23.6791899, -46.6804)]","-23.6791899,-46.6804",,,true,true
16,Campo limpo residência plena - unidade ii,Campo Limpo,,São Paulo,Ligado a ONG Lar Batista de Crianças.,lbc.clabrigo@gmail.com,rua dr. hugo lacorte vitale 521,,SP,,de 2 a 17 anos,20,Brasil,,,,11-5841-0906,"['Rua Doutor Hugo Lacorte Vitale, 521, Campo Limpo, São Paulo - SP, 05756-370, Brasil, São Paulo, SP 05756-370, BRA', (-23.62823, -46.75758)]","-23.62823,-46.75758",,,true,true
17,Lar batista de crianças de campo limpo,Campo Limpo,5756370,São Paulo,,campolimpo@larbatista.com.br,rua dr. hugo lacorte vitale 521,,SP,,de 0 a 18 anos,20,Brasil,,,http //www.larbatista.com.br,11-5841-0906,"['Rua Doutor Hugo Lacorte Vitale, 521, Campo Limpo, São Paulo - SP, 05756-370, Brasil, São Paulo, SP 05756-370, BRA', (-23.62823, -46.75758)]","-23.62823,-46.75758",,,true,true
18,Abrigo joselito lopes martins,Campos Eliseos,,São Paulo,,salma.silveira@saecsp.org.br,rua conselheiro nebias 1438,,SP,,de 3 a 18 anos,,Brasil,,Salma Silveira,,11-3333-2743,"['Rua Conselheiro Nébias, 1438, Santa Cecília, São Paulo - SP, 01203-002, Brasil, São Paulo, SP 01203-002, BRA', (-23.53137, -46.64862)]","-23.53137,-46.64862",,,true,true
19,Abrigo livre ser,casa verde,,São Paulo,,info@livreser.org.br,rua domingos fasolari 376,,SP,,,,Brasil,,,http //livreser.org.br/,11-3951-7142,"['Rua Domingos Fasolari, 376, Casa Verde, São Paulo - SP, 02513-010, Brasil, São Paulo, SP 02513-010, BRA', (-23.51081, -46.6557)]","-23.51081,-46.6557",,,true,true
20,Casa abrigo em casa verde,casa verde,2522100,São Paulo,,,rua vichy 326,,SP,,,,Brasil,,,,11-3857-7403,"['Rua Vichy, 326, Casa Verde, São Paulo - SP, 02522-100, Brasil, São Paulo, SP 02522-100, BRA', (-23.50591, -46.6603)]","-23.50591,-46.6603",,,false,false
21,Arco associação beneficiente,Chácara Flórida,4949170,São Paulo,,ARCOBRASIL@YAHOO.COM.BR,rua licínio felini 97,,SP,,de 0 a 18 anos,6,Brasil,,,,11-5517-3440,,,,,false,false
22,6º lar - casa do menor,CHACARA SANTO ANTONIO,4716003,São Paulo,,voluntariado@helendrexel.org.br,rua fernandes moreira 1158,Associação Maria Helen Drexel - AMHD,SP,,,,Brasil,,,www.helendrexel.org.br,11-36281891,"['Rua Fernandes Moreira, 1158, Santo Amaro, São Paulo - SP, 04716-003, Brasil, São Paulo, SP 04716-003, BRA', (-23.63038, -46.70523)]","-23.63038,-46.70523",,,false,false
23,7º lar - padre juanito,CHACARA SANTO ANTONIO,4717001,São Paulo,,voluntariado@helendrexel.org.br,rua alexandre dumas 732,Associação Maria Helen Drexel - AMHD,SP,,,,Brasil,,,www.helendrexel.org.br,11-3628-1891,"['Rua Alexandre Dumas, 732, Santo Amaro, São Paulo - SP, 04717-001, Brasil, São Paulo, SP 04717-001, BRA', (-23.63501, -46.69893)]","-23.63501,-46.69893",,,false,false
24,8º lar - irmã fides,CHACARA SANTO ANTONIO,4717001,São Paulo,,voluntariado@helendrexel.org.br,rua alexandre dumas 736,Associação Maria Helen Drexel - AMHD,SP,,,,Brasil,,,www.helendrexel.org.br,11-36281891,"['Rua Alexandre Dumas, 736, Santo Amaro, São Paulo - SP, 04717-001, Brasil, São Paulo, SP 04717-001, BRA', (-23.6349899, -46.69897)]","-23.6349899,-46.69897",,,false,false
25,Casa edith stein (nossa senhora do bom parto),Chacára Tatuapé,3061040,São Paulo,Ligada ao Centro Social Nossa Senhora do Bom Parto,casaedithstein@ig.com.br,rua engenheiro andrade junior 255,,SP,,de 0 a 17 anos,20,Brasil,,,http //www.acolhe.org.br/teste/casas.html,11-26922607,"['Rua Engenheiro Andrade Júnior, 255, Belém, São Paulo - SP, 03061-040, Brasil, São Paulo, SP 03061-040, BRA', (-23.53775, -46.58385)]","-23.53775,-46.58385",,,false,false
26,Casa da criança irmã angela,Chora Menino,2462001,São Paulo,,casairmaangela@gmail.com,rua dona elfrida 571,,SP,,de 2 a 13 anos,19,Brasil,,,http //ccia.org.br,11-2977-0801,"['Rua Dona Elfrida, 571, Santana, São Paulo - SP, 02462-001, Brasil, São Paulo, SP 02462-001, BRA', (-23.4928, -46.64052)]","-23.4928,-46.64052",,,false,false
27,Casa dos inocentes,Cidade Patriarca,355503,São Paulo,,Casadosinocentes@ig.com.br,rua catrimani 333,,SP,,de 0 a 18 anos,,Brasil,,,http //www.casadosinocentes.org.br/colabore.htm,11-2791-7010,"['Rua Catrimani, 333, Vila Matilde, São Paulo - SP, 03555-030, Brasil, São Paulo, SP 03555-030, BRA', (-23.53694, -46.5003)]","-23.53694,-46.5003",,,false,false
28,São mateus ii,Cidade Satélite Santa Bárbara,8330540,São paulo,Ligado a ONG Obra Social da Paróquia São Matheus Apóstolo.,obrasocial@ig.com.br,rua tétis 141,,SP,,de 0 a 18 anos,20,Brasil,,,,11-2113-0679,"['Rua Tetis, 141, São Mateus, São Paulo - SP, 08330-540, Brasil, São Paulo, SP 08330-540, BRA', (-23.61226, -46.46882)]","-23.61226,-46.46882",,,false,false
29,Casa do cristo redentor,Colônia,8260030,São Paulo,,social@casadocristoredentor.org.br,rua agrimensor sugaya 986,,SP,,de 0 a 18 anos,39,Brasil,,,,11-25216222,"['Rua Agrimensor Sugaya, 986, José Bonifácio, São Paulo - SP, 08260-030, Brasil, São Paulo, SP 08260-030, BRA', (-23.5598, -46.43668)]","-23.5598,-46.43668",,,false,false
30,Casa abrigo semeia,Consolação,,São Paulo,Ligado a ONG Fundação Francisca Franco.,,rua antonia de queiroz 194,,SP,,de 0 a 18 anos,20,Brasil,,,http //fundacaofranciscafranco.blogspot.com.br/p/casa-semeia.html,0,"['Rua Antônio R. Queiroz, 194, Louveira - SP, 13290-000, Brasil, Louveira, SP 13290-000, BRA', (-23.0881651, -46.9554842)]","-23.0881651,-46.9554842",,,false,false
31,Casa taiguara casa verde,Freguesia do Ó,2558060,São Paulo,,valeriagonpassaro@gmail.com,rua felipe fragoso 177,,SP,,de 0 a 17 anos,20,Brasil,,Valéria Passaro,http //www.casataiguara.org.br,11-3951-6987,"['Rua Filipe Fragoso, 177, Limão, São Paulo - SP, 02558-060, Brasil, São Paulo, SP 02558-060, BRA', (-23.49679, -46.67475)]","-23.49679,-46.67475",,,false,false
32,Lar social girassol,Grajaú,4855020,São Paulo,,,r ricardo macedo 5,,SP,,de 0 a 17 anos,50,Brasil,,Raquel,,11-5528-4996,"['Rua Ricardo Macedo, 5, Grajau, São Paulo - SP, 04855-020, Brasil, São Paulo, SP 04855-020, BRA', (-23.7577399, -46.68615)]","-23.7577399,-46.68615",,,false,false
33,Novo lar betania,Guaianases,,São Paulo,,novolarbetania@uol.com.br,rua serra do mar 32,,SP,,,,Brasil,,Marisa,,11-2071-4871,"['Rua Serra do Mar, 32, Mairiporã - SP, 07600-000, Brasil, Mairiporã, SP 07600-000, BRA', (-23.27237, -46.59052)]","-23.27237,-46.59052",,,false,false
34,Nossa familia,Horto,,São Paulo,Ligada a ONG Movimento Unificado de Defesa da Criança e do Adolescente de Rua.,projetomudar@superig.com.br,rua matheus rodrigues 65,,SP,,de 0 a 18 anos,22,Brasil,,,,11-2994-1105,"['Rua Pedro Rodrigues Marques, 65, Campo Limpo, São Paulo - SP, 05757-250, Brasil, São Paulo, SP 05757-250, BRA', (-23.6272626, -46.7589039)]","-23.6272626,-46.7589039",,,false,false
35,Casa abrigo estrelas do amanhã,Imirim,,São Paulo,,adrianaestrelas@yahoo.com.br,rua orense 93 casa verde,,SP,,de 0 a 17 anos,,Brasil,,,,11-2236-7110,"['Rua Orense, 93, Casa Verde, São Paulo - SP, 02540-030, Brasil, São Paulo, SP 02540-030, BRA', (-23.49136, -46.65755)]","-23.49136,-46.65755",,,false,false
36,Casa lar iii,Imirim,,São Paulo,Ligada a ONG Instituição Filantrópica e Educacional Parábola.,PRESIDENCIA@PARABOLA.COM.BR,rua ibirantinga 166,,SP,,de 0 a 18 anos,9,Brasil,,,,11-2256-3931,"['Rua Ibiratinga, 166, Santana, São Paulo - SP, 02468-040, Brasil, São Paulo, SP 02468-040, BRA', (-23.48964, -46.64925)]","-23.48964,-46.64925",,,false,false
37,Casa siloé,Imirim,2464200,São Paulo,Ligada a ONG Sociedade Padre Constanzo Dalbésio.,p.valeriano@uol.com.br,avenida imirim 1382,,SP,,de 0 a 18 anos,12,Brasil,,,,11-2256-7415,"['Avenida Imirim, 1382, Santana, São Paulo - SP, 02464-200, Brasil, São Paulo, SP 02464-200, BRA', (-23.4932899, -46.64747)]","-23.4932899,-46.64747",,,false,false
38,Lar suzane,Imirim,2467060,São Paulo,Ligada a ONG Sociedade Padre Constanzo Dalbésio.,p.valeriano@uol.com.br,rua diogo cabrera 181,,SP,,de 0 a 18 anos,12,Brasil,,,,11-2236-6228,"['Rua Diogo Cabrera, 181, Santana, São Paulo - SP, 02467-060, Brasil, São Paulo, SP 02467-060, BRA', (-23.49101, -46.64444)]","-23.49101,-46.64444",,,false,false
39,Orfanato cotic unidade 2,Imirim,,São Paulo,,cotic@superig.com.br,r. cláudio rodrigues lopes 224,,SP,,,,Brasil,,,http //cotic.org.br,11-2261-5797,"['Rua Cláudio Rodrigues Lopes, 224, Santana, São Paulo - SP, 02463-050, Brasil, São Paulo, SP 02463-050, BRA', (-23.48933, -46.64589)]","-23.48933,-46.64589",,,false,false
40,Orfanato doce lar,Imirim,,São Paulo,,,rua lima verde 69,,SP,,,,Brasil,,,,11-2372-5356,"['Rua Lima Verde, 69, Cachoeirinha, São Paulo - SP, 02610-060, Brasil, São Paulo, SP 02610-060, BRA', (-23.47739, -46.66343)]","-23.47739,-46.66343",,,false,false
41,Centro espírita irmã angela,Ipiranga,4217000,São Paulo,,,rua do grito 165,,SP,,,,Brasil,,,,11-2061-7772,"['Rua do Grito, 165, Ipiranga, São Paulo - SP, 04217-000, Brasil, São Paulo, SP 04217-000, BRA', (-23.59923, -46.60358)]","-23.59923,-46.60358",,,false,false
42,Maesp unidade ii,Ipiranga,,São Paulo,Entidade que abriga crianças e adolescentes filhos de encarcerados carentes,maesp.sp@uol.com.br,rua correa salgado 107,,SP,,de 0 a 18 anos,20,Brasil,,,,11-5062-8007,"['Rua Salvador Correa, 107, Liberdade, São Paulo - SP, 04109-070, Brasil, São Paulo, SP 04109-070, BRA', (-23.5763488, -46.6319698)]","-23.5763488,-46.6319698",,,false,false
43,Associação maria helen drexel,Itaim Bibi,4583050,São Paulo,,voluntariado@helendrexel.org.br,rua miguel sutil 590,,SP,http //www.facebook.com/pages/Associa%C3%A7%C3%A3o-Maria-Helen-Drexel/114962831915464,,,Brasil,,,http //www.helendrexel.org.br/,11-36281891,"['Rua Miguel Sutil, 590, Itaim Bibi, São Paulo - SP, 04583-050, Brasil, São Paulo, SP 04583-050, BRA', (-23.61524, -46.69209)]","-23.61524,-46.69209",,,false,false
44,Madre mazzarello,Itaquera,8215320,São Paulo,Ligada a ONG Obra Social Dom Bosco.,geral@domboscoitaquera.org.br,rua engenheiro villares da silva 549,,SP,,de 0 a 18 anos,20,Brasil,,,,11-22051100,"['Rua Engenheiro Vilares da Silva, 549, Itaquera, São Paulo - SP, 08215-320, Brasil, São Paulo, SP 08215-320, BRA', (-23.53657, -46.44711)]","-23.53657,-46.44711",,,false,false
45,Mamãe margarida,Itaquera,8210080,São Paulo,Ligada a ONG Obra Social Dom Bosco.,geral@domboscoitaquera.org.br,rua paulo de tarso rodrigues 14,,SP,,de 0 a 18 anos,20,Brasil,,,,11-2205-0541,"['Rua Paulo de Tarso Rodrigues, 14, Itaquera, São Paulo - SP, 08210-080, Brasil, São Paulo, SP 08210-080, BRA', (-23.54192, -46.45648)]","-23.54192,-46.45648",,,false,false
46,Nossa senhora aparecida,Itaquera,8210490,São Paulo,,geral@domboscoitaquera.org.br,rua ursulina d angelo 536,,SP,,de 0 a 18 anos,20,Brasil,,,,11-21717711,"['Rua Ursulina Dangelo, 536, Itaquera, São Paulo - SP, 08210-490, Brasil, São Paulo, SP 08210-490, BRA', (-23.53614, -46.45081)]","-23.53614,-46.45081",,,false,false
47,Obra filantropica e missionaria novo lar betania,Itaquera,8290000,São Paulo,,NOVOLARBETANIA@UOL.COM.BR,rua victor santim 827,,SP,,de 0 a 18 anos,5,Brasil,,,,11-2205-0209,"['Rua Victorio Santim, 827, Itaquera, São Paulo - SP, 08290-000, Brasil, São Paulo, SP 08290-000, BRA', (-23.54245, -46.4502)]","-23.54245,-46.4502",,,false,false
48,São domingos de sávio,Itaquera,,São Paulo,Ligada a ONG Obra Social Dom Bosco.,geral@domboscoitaquera.org.br,rua aureliano barreiro 376,,SP,,de 0 a 18 anos,20,Brasil,,,,11-2286-2674,"['Rua Aureliano Barreiros, 376, Itaquera, São Paulo - SP, 08210-450, Brasil, São Paulo, SP 08210-450, BRA', (-23.53708, -46.45226)]","-23.53708,-46.45226",,,false,false
49,Casa abrigo aliados de maria - centro educacional catarina kentenich,Jaraguá,5181300,São Paulo,Ligada a ONG Istituto Beneficente Cultural José Kentenich.,zilda_ceck@hotmail.com,rua dona gertrudes jordão 324,,SP,,de 2 a 17 anos,20,Brasil,,Zilda R Pinto  -  Gerência,http //www.centroeducacionalck.org/casabrigo.asp,11-3941-3628,"['Rua da Gertrudes Jordão, 324, Jaraguá, São Paulo - SP, 05181-300, Brasil, São Paulo, SP 05181-300, BRA', (-23.45728, -46.74292)]","-23.45728,-46.74292",,,false,false
50,Casa abrigo aprendizes do amor - centro educacional catarina kentenich,Jaraguá,5181300,São Paulo,Ligada a ONG Instituto Beneficente Cultural José Kentenich.,angela_ceck@hotmail.com,rua dona gertrudes jordão 324,,SP,,de 0 a 18 anos,20,Brasil,,I - CATARINA KENTENICH,http //www.centroeducacionalck.org/casabrigoii.asp,11-39413628,"['Rua da Gertrudes Jordão, 324, Jaraguá, São Paulo - SP, 05181-300, Brasil, São Paulo, SP 05181-300, BRA', (-23.45728, -46.74292)]","-23.45728,-46.74292",,,false,false
51,Solar feminino,Jardim Anália Franco,3335090,São Paulo,A instituição está ligada a ONG Lar Mãe do Divino Amor e atende crianças e adolescentes com deficiência mental.,larmae@ig.com.br,rua francisco zicardi 420,,SP,,de 7 a 18 anos,20,Brasil,,,,11-2671-7677,"['Rua Francisco Zicardi, 420, Vila Formosa, São Paulo - SP, 03335-090, Brasil, São Paulo, SP 03335-090, BRA', (-23.5587, -46.56663)]","-23.5587,-46.56663",,,false,false
52,Amem - associação dos amigos do menor pelo esporte maior,Jardim Arpoador,5577300,São Paulo,,amem.amigos@terra.com.br,"rodovia raposo tavares km 19,5",,SP,,de 0 a 18 anos,80,Brasil,,,,11-3785-3512,"['Rodovia Raposo Tavares, 5, Taboão, São Roque - SP, 18136-025, Brasil, São Roque, SP 18136-025, BRA', (-23.5431199, -47.12419)]","-23.5431199,-47.12419",,,false,false
53,Lar vinícius (casa 1),Jardim Bonfiglioli,5592001,São Paulo,,larvinicius@yahoo.com.br,rua joão gomes júnior 1053,,SP,,de 1 a 12 anos,8,Brasil,,,,11-3733-6342,"['Rua João Gomes Júnior, 1053, Butantã, São Paulo - SP, 05592-001, Brasil, São Paulo, SP 05592-001, BRA', (-23.58093, -46.73276)]","-23.58093,-46.73276",,,false,false
54,Lar vinícius (casa 2),Jardim Bonfiglioli,5594060,São Paulo,,larvinicius@gmail.com,rua ministro eduardo de campos maia 25,,SP,,de 0 a 18 anos,14,Brasil,,,http //www.larvinicius.org.br,11-3733-6342,"['Rua Ministro Eduardo de Campos Maia, 31, Butantã, São Paulo - SP, 05594-060, Brasil, São Paulo, SP 05594-060, BRA', (-23.58081, -46.738)]","-23.58081,-46.738",,,false,false
55,Lar escola cairbar schutel,Jardim Colombo,5623010,São Paulo,,abrigo1@cairbarschutel.org,rua francisco preto 213,,SP,,,60,Brasil,,,http //www.cairbarschutel.org/,11-3742-0516,"['Rua Francisco Preto, 213, Vila Sônia, São Paulo - SP, 05623-010, Brasil, São Paulo, SP 05623-010, BRA', (-23.60106, -46.72769)]","-23.60106,-46.72769",,,false,false
56,Casa lar 01,Jardim Colonial,4821100,São Paulo,Ligado a ONG Aldeias Infatis SOS Brasil.,,av. fernando amaro de miranda 61,,SP,,de 0 a 18 anos,9,Brasil,,,,11-5661-0026,,,,,false,false
57,Abrigo rita luiza da cunha,Jardim Consórcio,4436000,São Paulo,Ligada a ONG Centro de Habilitação Filosofia e Cultura.,abrigoritaluizadacunha@yahoo.com.br,rua joão batista vitoriano 358,,SP,,de 0 a 18 anos,20,Brasil,,,,11-5671-2784,"['Avenida João Batista di Victoriano, 358, Campo Grande, São Paulo - SP, 04436-000, Brasil, São Paulo, SP 04436-000, BRA', (-23.67149, -46.67456)]","-23.67149,-46.67456",,,false,false
58,Nosso lar,Jardim da Saúde,4290060,São Paulo,Ligada a ONG Associação das Senhoras Evangélicas de São Paulo,asesp@globo.com,rua madame curie 219,,SP,,de 0 a 18 anos,24,Brasil,,Marta Serra,,11-5068-0334,"['Rua Madame Curie, 219, Centro, São Bernardo do Campo - SP, 09721-010, Brasil, São Bernardo do Campo, SP 09721-010, BRA', (-23.7215672, -46.5430069)]","-23.7215672,-46.5430069",,,false,false
59,Abrigo heloisa macedo jabali,Jardim das Bandeiras,5436010,São Paulo,Ligada a ONG Centro de Habilitação Filosofia e Cultura.,abrigoritaluizadacunha@yahoo.com.br,rua patapio silva 196,,SP,,de 0 a 18 anos,20,Brasil,,,,-11,"['Rua Patápio Silva, 196, Pinheiros, São Paulo - SP, 05436-010, Brasil, São Paulo, SP 05436-010, BRA', (-23.55492, -46.68499)]","-23.55492,-46.68499",,,false,false
60,Abrigo pinheiros,JARDIM DAS BANDEIRAS,5436010,São Paulo,,mafraluisa@terra.com.br,r. patapio silva 196,,SP,,,,Brasil,,,,11-3812-8860,"['Rua Patápio Silva, 196, Pinheiros, São Paulo - SP, 05436-010, Brasil, São Paulo, SP 05436-010, BRA', (-23.55492, -46.68499)]","-23.55492,-46.68499",,,false,false
61,Casa odila franco,Jardim das Bandeiras,5439000,São Paulo,Ligado a ONG Fundação Francisca Franco.,,rua luminárias 105,,SP,,de 0 a 18 anos,20,Brasil,,,http //fundacaofranciscafranco.blogspot.com.br/p/a-casa-ja-existe-maisde-15-anos.html,0,"['Rua Luminárias, 105, Pinheiros, São Paulo - SP, 05439-000, Brasil, São Paulo, SP 05439-000, BRA', (-23.54825, -46.68824)]","-23.54825,-46.68824",,,false,false
62,Casa acolhida sul,Jardim das Embuias,4829320,São Paulo,Ligada a ONG Fundação Projeto Travessia.,,rua josé portolano 60,,SP,,de 0 a 18 anos,20,Brasil,,,,11-2105-1059,"['Rua José Portolano, 60, Cidade Dutra, São Paulo - SP, 04829-320, Brasil, São Paulo, SP 04829-320, BRA', (-23.72904, -46.71297)]","-23.72904,-46.71297",,,false,false
63,Abrigo sociedade santos mártires,Jardim dos Lagos,4771050,São Paulo,,administracao@santosmartires.org.br,av. leblon 65,,SP,,de 0 a 18 anos,20,Brasil,,,,11-5541-0131,"['Avenida Leblon, 65, Socorro, São Paulo - SP, 04771-050, Brasil, São Paulo, SP 04771-050, BRA', (-23.6788674, -46.7104559)]","-23.6788674,-46.7104559",,,false,false
64,Educandário dom duarte abrigo i,Jardim Educandário,,São Paulo,Ligado a ONG Liga das Senhoras Católicas de São Paulo.,,av. dr. heitor antonio eiras garcia 5985,,SP,,de 0 a 18 anos,20,Brasil,,,,11-3782-0773,"['Avenida Eng. Heitor Antônio Eiras Garcia, 5985, Raposo Tavares, São Paulo - SP, 05564-200, Brasil, São Paulo, SP 05564-200, BRA', (-23.6039392, -46.7883851)]","-23.6039392,-46.7883851",,,false,false
65,Educandário dom duarte abrigo ii,Jardim Educandário,,São Paulo,Ligado a ONG Liga das Senhoras Católicas de São Paulo.,adm@ligasolidaria.org.br,av. dr. heitor antonio eiras garcia 5985,,SP,,de 0 a 18 anos,20,Brasil,,,,11-3782-0773,"['Avenida Eng. Heitor Antônio Eiras Garcia, 5985, Raposo Tavares, São Paulo - SP, 05564-200, Brasil, São Paulo, SP 05564-200, BRA', (-23.6039392, -46.7883851)]","-23.6039392,-46.7883851",,,false,false
66,Casa mandacaru,Jardim Eliza Maria,2873520,São Paulo,Ligada a ONG Arca do Brasil.,arcadobrasil@uol.com.br,rua manoel aqulino dos santos 1170,,SP,,de 0 a 18 anos,5,Brasil,,,,11-3851-3459,"['Rua Manuel Aquilino dos Santos, 1170, Brasilândia, São Paulo - SP, 02873-520, Brasil, São Paulo, SP 02873-520, BRA', (-23.45413, -46.6787)]","-23.45413,-46.6787",,,false,false
67,Casa rocha,Jardim Eliza Maria,2873520,São Paulo,Ligada a ONG Arca do Brasil.,arcadobrasil@uol.com.br,rua manoel aquilino dos santos 163,,SP,,de 0 a 18 anos,5,Brasil,,,,11-3851-3459,"['Rua Manuel Aquilino dos Santos, 163, Brasilândia, São Paulo - SP, 02873-520, Brasil, São Paulo, SP 02873-520, BRA', (-23.45945, -46.68318)]","-23.45945,-46.68318",,,false,false
68,Comunidade educacional de base sitio pinheirinho,Jardim Guairaca,3244090,São Paulo,,,rua jacitára tipiti 04,,SP,,de 0 a 18 anos,100,Brasil,,,,11-2701-8638,"['Rua Jacitara Tipiti, São Lucas, São Paulo - SP, 03244-090, Brasil, São Paulo, SP 03244-090, BRA', (-23.60443, -46.54038)]","-23.60443,-46.54038",,,false,false
69,Lar da criança favos de luz,Jardim Independencia,3223000,São Paulo,,favosdeluz.favosdeluz@gmail.com,rua susana 236,,SP,,de 0 a 17 anos,22,Brasil,,Cristina Vaz,http //www.favosdeluz.org.br,11-2917-1636,"['Rua Susana, 236, São Lucas, São Paulo - SP, 03223-000, Brasil, São Paulo, SP 03223-000, BRA', (-23.5913, -46.55993)]","-23.5913,-46.55993",,,false,false
70,Abrigo casa limiar,Jardim Kioto,4832070,São Paulo,"Acolhe crianças em situação de risco. Ligado a ONG Limiar, que auxilia na adoção internacional de crianças brasileiras.",limiar@limiar.org,rua arcachon 55,,SP,,,21,Brasil,,Beth ou Eucely,http //www.limiar.org/,11-5928-4157,"['Rua Arcachon, 55, Cidade Dutra, São Paulo - SP, 04832-070, Brasil, São Paulo, SP 04832-070, BRA', (-23.73243, -46.71868)]","-23.73243,-46.71868",,,false,false
71,Lar são gabriel,Jardim Lucélia,4852228,São Paulo,Ligado a ONG Centro de Promoção Social Bororé.,cpsborore@terra.com.br,av.general golbery do couto e silva 93,,SP,,de 0 a 8 anos,10,Brasil,,Lar São Rafael,http //www.borore.org.br,11-55281823,,,,,false,false
72,Lar são miguel,Jardim Lucélia,4852228,São Paulo,Ligado a ONG Centro de Promoção Social Bororé.,,av. general golbery do couto e silva 93,,SP,,de 2 a 17 anos,10,Brasil,,,,11-5528-1823,,,,,false,false
73,Salesiano santa luzia,Jardim Nordeste,3691180,São Paulo,Ligado a ONG Centro Social da Paróquia Santa Luzia.,,rua tauá 313,,SP,,de 0 a 18 anos,20,Brasil,,,,11-2146-6864,"['Rua Tauá, 313, Artur Alvim, São Paulo - SP, 03691-180, Brasil, São Paulo, SP 03691-180, BRA', (-23.53447, -46.4806)]","-23.53447,-46.4806",,,false,false
74,Dr. paulo evaristo arns,Jardim Oriental,4347000,São Paulo,Ligado a ONG COR - Centro de Orientação a família.,CORFAMILIA@UOL.COM.BR,rua antonio madi 256,,SP,,de 0 a 18 anos,20,Brasil,,,,11-5016-2696,"['Rua Antônio Madi, 256, Jabaquara, São Paulo - SP, 04347-000, Brasil, São Paulo, SP 04347-000, BRA', (-23.64111, -46.6465)]","-23.64111,-46.6465",,,false,false
75,Centro de apoio a criança carente com câncer - candida bermejo,Jardim Pirajussara,5786160,São Paulo,,centrocbc@centrocbc.org.br,rua miguel gonçalves correia 157,,SP,,de 0 a 18 anos,28,Brasil,,,,11-5843-6384,"['Rua Miguel Gonçalves Correia, 157, Campo Limpo, São Paulo - SP, 05786-160, Brasil, São Paulo, SP 05786-160, BRA', (-23.63506, -46.77135)]","-23.63506,-46.77135",,,false,false
76,Abrigo grupo assistencial alvorada nova,Jardim Regina,5174120,São Paulo,,gaan@gaan.org.br,rua dr. andré peggion 620,,SP,,de 0 a 18 anos,20,Brasil,,,,11-3906-0213,"['Rua Doutor André Peggion, 620, Pirituba, São Paulo - SP, 05174-120, Brasil, São Paulo, SP 05174-120, BRA', (-23.47465, -46.74465)]","-23.47465,-46.74465",,,false,false
77,Recanto das esmeraldas,Jardim Regina,,São Paulo,Ligada a ONG Associação Proteção Habitacional das Crianças Carentes.,,rua estevão mauser 651,,SP,,de 0 a 18 anos,12,Brasil,,,,11-3941-2843,"['Rua Stéfano Mauser, 651, Pirituba, São Paulo - SP, 05175-200, Brasil, São Paulo, SP 05175-200, BRA', (-23.47335, -46.73594)]","-23.47335,-46.73594",,,false,false
78,Recanto fenix,Jardim Regina,,São Paulo,Ligada a ONG Associação Proteção Habitacional das Crianças Carentes.,,rua estefano mauser 651,,SP,,de 0 a 18 anos,14,Brasil,,,,11-3941-2843,"['Rua Stéfano Mauser, 651, Pirituba, São Paulo - SP, 05175-200, Brasil, São Paulo, SP 05175-200, BRA', (-23.47335, -46.73594)]","-23.47335,-46.73594",,,false,false
79,Casa abrigo jardim angela,Jardim Rivieira,,São Paulo,Ligado a ONG Sociedade Santos Mártires.,administracao@santosmartires.org.br,rua fracisco primatice 426,,SP,,de 0 a 18 anos,20,Brasil,,,,-11,"['Avenida Francesco Primatice, 426, Jardim São Luís, São Paulo - SP, 04925-090, Brasil, São Paulo, SP 04925-090, BRA', (-23.70814, -46.74515)]","-23.70814,-46.74515",,,false,false
80,Projeto autonomia e solidariedade - passos - abrigo iv,Jardim Rosa Maria,,São Paulo,Ligado a ONG Liga das Senhoras Católicas de São Paulo.,adm@ligasolidaria.org.br,rua pascoal zulino 79,,SP,,de 16 a 18 anos,34,Brasil,,,,11-3785-4195,"['Rua Pascoal Zulino, 79, Raposo Tavares, São Paulo - SP, 05547-100, Brasil, São Paulo, SP 05547-100, BRA', (-23.59093, -46.76969)]","-23.59093,-46.76969",,,false,false
81,Abrigo lar união i,Jardim São Bernardo,4844600,São Paulo,Ligado a ONG União dos Moradores da Comunidade Sete de Setembro.,abrigolaruniao@ig.com.br,rua rudepoema 56,,SP,,de 0 a 18 anos,20,Brasil,,,,11-5939-7219,"['Rua Rodepoema, 56, Grajau, São Paulo - SP, 04844-600, Brasil, São Paulo, SP 04844-600, BRA', (-23.7580859, -46.7055952)]","-23.7580859,-46.7055952",,,false,false
82,Casa abrigo lar união ii,Jardim São Nicolau,4802080,São Paulo,Ligado a ONG União dos Moradores da Comunidade Sete de Setembro.,laruniao2@ig.com.br,rua cristina de vasconcelos ceccato 134,,SP,,de 0 a 18 anos,20,Brasil,,Helena,,11-5666-7367,"['Rua Cristina de Vasconcelos Ceccato, 134, Cidade Dutra, São Paulo - SP, 04802-080, Brasil, São Paulo, SP 04802-080, BRA', (-23.71058, -46.705)]","-23.71058,-46.705",,,false,false
83,Maesp unidade i,Jardim Saúde,4132000,São Paulo,Entidade que abriga crianças e adolescentes filhos de encarcerados carentes,maesp.sp@uol.com.br,av. do cursino 338,,SP,,de 0 a 18 anos,23,Brasil,,Denise,,11-5062-8007,"['Avenida do Cursino, 338, Cursino, São Paulo - SP, 04133-000, Brasil, São Paulo, SP 04133-000, BRA', (-23.60559, -46.61628)]","-23.60559,-46.61628",,,false,false
84,Lar da criança frei leopoldo,Jardim Tremembe,2315130,São Paulo,,larfreileopoldo@ig.com.br,rua leda maria 140,,SP,,de 0 a 18 anos,19,Brasil,,,,11-2261-3960,"['Rua Leda Maria, 140, Tremembé, São Paulo - SP, 02315-130, Brasil, São Paulo, SP 02315-130, BRA', (-23.45887, -46.59905)]","-23.45887,-46.59905",,,false,false
85,Caritás diocesana de campo limpo,Jardim Umarizal,5756350,São Paulo,,caritas@diocesedecampolimpo.org.br,av. das colméias 446,,SP,,de 0 a 18 anos,20,Brasil,,,,11-5841-5108,"['Avenida das Colméias, 446, Campo Limpo, São Paulo - SP, 05756-350, Brasil, São Paulo, SP 05756-350, BRA', (-23.6213799, -46.75414)]","-23.6213799,-46.75414",,,false,false
86,Abrigo luz do mirante,Jd. São Paulo,2044140,São Paulo,,abrigo@caspiedade.org.br,rua pedro madureira 336,,SP,,,,Brasil,,,,11-2129-6615,"['Rua Pedro Madureira, 336, Santana, São Paulo - SP, 02044-140, Brasil, São Paulo, SP 02044-140, BRA', (-23.49424, -46.61859)]","-23.49424,-46.61859",,,false,false
87,Lar vinícius (casa 3),Jd.Bonfiglioli,05593-010,São Paulo,,larvinicius@yahoo.com.br,rua poetisa colombina 407,,SP,,,,Brasil,,,,11-3733-6342,"['Rua Poetisa Colombina, 407, Butantã, São Paulo - SP, 05593-010, Brasil, São Paulo, SP 05593-010, BRA', (-23.58072, -46.73775)]","-23.58072,-46.73775",,,false,false
88,Aproses centro social - projeto três corações - abrigo,Liberdade,1525020,São Paulo,Ligada a ONG Assistência e Promoção Social Exército de Salvação.,aproses@salvos.org.br,rua pandiá calógeras 109,,SP,,de 0 a 18 anos,10,Brasil,,,,11-3271-8511,"['Rua Pandiá Calógeras, 109, Liberdade, São Paulo - SP, 01525-020, Brasil, São Paulo, SP 01525-020, BRA', (-23.56452, -46.63411)]","-23.56452,-46.63411",,,false,false
89,Projeto mudar,Luz,1103200,São Paulo,,projetomudar@superig.com.br,rua da cantareira 952,,SP,,,,Brasil,,,http //www.mudar.org.br,11-3229-8327,"['Rua da Cantareira, 952, Bom Retiro, São Paulo - SP, 02290-000, Brasil, São Paulo, SP 02290-000, BRA', (-23.53599, -46.62756)]","-23.53599,-46.62756",,,false,false
90,Associação aliança pela vida - alivi,Mandaqui,2441000,São Paulo,,alivi@ositc.com.br,av. ultramarino 78,,SP,,,,Brasil,,,,11-62310467,"['Avenida Ultramarino, 78, Mandaqui, São Paulo - SP, 02441-000, Brasil, São Paulo, SP 02441-000, BRA', (-23.47613, -46.63711)]","-23.47613,-46.63711",,,false,false
91,Casa lar novo mundo,Mandaqui,,São Paulo,,,rua antonio dias da silva 371,,SP,,,,Brasil,,,,11-2233-4146,"['Rua Antônio Dias da Silva, 371, Cachoeirinha, São Paulo - SP, 02618-110, Brasil, São Paulo, SP 02618-110, BRA', (-23.46707, -46.64994)]","-23.46707,-46.64994",,,false,false
92,Casa pequeno príncipe tim,Mandaqui,,São Paulo,,,rua mateus garcia 686,,SP,,,,Brasil,,,,11-6952-8480,"['Rua Mateus Garcia, 686, Tremembé, São Paulo - SP, 02374-000, Brasil, São Paulo, SP 02374-000, BRA', (-23.45269, -46.62352)]","-23.45269,-46.62352",,,false,false
93,Casa raízes e asas,Mandaqui,,São Paulo,,,rua josé arnoni 29,,SP,,,,Brasil,,,,11-6953-5784,"['Rua José Arnoni, 29, Tremembé, São Paulo - SP, 02375-120, Brasil, São Paulo, SP 02375-120, BRA', (-23.45301, -46.62392)]","-23.45301,-46.62392",,,false,false
94,Associação de apoio à criança com câncer,Moema,4038034,São Paulo,,rosangela.red@aacc.org.br,rua borges lagoa 1603,,SP,,,,Brasil,,,http //www.aacc.org.br,11-5082-5434,"['Rua Borges Lagoa, 1603, Moema, São Paulo - SP, 04038-034, Brasil, São Paulo, SP 04038-034, BRA', (-23.59647, -46.65228)]","-23.59647,-46.65228",,,false,false
95,Casa vida ii,Mooca,3170050,São Paulo,Ligada ao Centro Social Nossa Senhora do Bom Parto,casa02devida@hotmail.com,rua sapucaia 281,,SP,,de 0 a 18 anos,22,Brasil,,,http //www.acolhe.org.br,11-2796-4002,"['Rua Sapucaia, 281, Móoca, São Paulo - SP, 03170-050, Brasil, São Paulo, SP 03170-050, BRA', (-23.54885, -46.59304)]","-23.54885,-46.59304",,,false,false
96,Lar da redenção,Mooca,3169010,São Paulo,A instituição abriga crianças e adolescentes com necessidades especiais.,lardaredencao@lardaredencao.org.br,rua cassandoca 535,,SP,,de 0 a 18 anos,11,Brasil,,,,11-26054879,"['Rua Cassandoca, Fazenda Serra Mar, Caraguatatuba - SP, 11665-570, Brasil, Caraguatatuba, SP 11665-570, BRA', (-23.65388, -45.42918)]","-23.65388,-45.42918",,,false,false
97,Roberto borghi,Nossa Senhara do Ó,2926000,São Paulo,Ligado a ONG COR - Centro de Orientação a família.,CORFAMILIA@UOL.COM.BR,rua chico de paula 442,,SP,,de 0 a 18 anos,20,Brasil,,,0,11-3935-1700,"['Rua Chico de Paula, 442, Freguesia do Ó, São Paulo - SP, 02926-000, Brasil, São Paulo, SP 02926-000, BRA', (-23.50035, -46.7023)]","-23.50035,-46.7023",,,false,false
98,Associação beneficente a criança desamparada nossa casa,Pacaembu,01251-060,São Paulo,,abcdnossacasa@hotmail.com,rua atalaia 175 d,,SP,,de 0 a 18 anos,19,Brasil,,,,11-3868-1610,"['Rua Atalaia, 175D, Perdizes, São Paulo - SP, 01251-060, Brasil, São Paulo, SP 01251-060, BRA', (-23.54666, -46.67607)]","-23.54666,-46.67607",,,false,false
99,Nossa senhora auxiliadora,Parada XV de Novembro,8246010,São Paulo,Ligada a ONG Obra Social Dom Bosco.,geral@domboscoitaquera.org.br,rua jairo franco 42,,SP,,de 0 a 18 anos,20,Brasil,,,,11-2205-3460,"['Rua Doutor Jairo Franco, 42, Itaquera, São Paulo - SP, 08246-010, Brasil, São Paulo, SP 08246-010, BRA', (-23.52969, -46.44262)]","-23.52969,-46.44262",,,false,false
100,Associação  beneficente vivenda da criança,Parelheiros,4882010,São Paulo,,vivendacrianca@terra.com.br,rua henrique hessel 300,,SP,,de 0 a 18 anos,5,Brasil,,,,11-5920-8492,"['Rua Henrique Hessel, 300, Parelheiros, São Paulo - SP, 04882-010, Brasil, São Paulo, SP 04882-010, BRA', (-23.80272, -46.7373199)]","-23.80272,-46.7373199",,,false,false
101,Instituto pivi,Parque Mandaqui,2418050,São Paulo,,pivi@pivi.org.br,rua capitão joão noronha 208,,SP,,,,Brasil,,,http //pivi.org.br,11-3476.5416,"['Rua Capitão João Noronha, 198, Mandaqui, São Paulo - SP, 02418-050, Brasil, São Paulo, SP 02418-050, BRA', (-23.4715449, -46.62808)]","-23.4715449,-46.62808",,,false,false
102,Associação beneficente sonho de criança,Parque Maria Helena,5855300,São Paulo,,casalarsonho@globo.com,rua dr. luiz da fonseca galvão 145,,SP,,de 0 a 18 anos,19,Brasil,,,,11-5510-0761,"['Rua Luís da Fonseca Galvão, 145, Capão Redondo, São Paulo - SP, 05855-300, Brasil, São Paulo, SP 05855-300, BRA', (-23.6616399, -46.7669)]","-23.6616399,-46.7669",,,false,false
103,Casa lar i,Parque Peruche,2535060,São Paulo,Ligada a ONG Instituição Filantrópica e Educacional Parábola.,,rua diógenes de lima 393,,SP,,de 0 a 18 anos,15,Brasil,,,,11-2255-5253,"['Rua Diógenes de Lima, 393, Casa Verde, São Paulo - SP, 02535-060, Brasil, São Paulo, SP 02535-060, BRA', (-23.49624, -46.64931)]","-23.49624,-46.64931",,,false,false
104,Casa acolhida leste,Parque Sonia,8020120,São Paulo,Ligada a ONG Fundação Projeto Travessia,,rua caetano rodrigues costa 52,,SP,,de 0 a 18 anos,20,Brasil,,,,11-3105-1059,"['Rua Caetano Rodrigues Costa, 52, São Miguel, São Paulo - SP, 08020-120, Brasil, São Paulo, SP 08020-120, BRA', (-23.50114, -46.44342)]","-23.50114,-46.44342",,,false,false
105,Casa serena,Perdizes,5021000,São Paulo,,,rua cotoxó 300,,SP,,de 9 a 18 anos,20,Brasil,,,http //casaserena.org.br/site/,11-2528-4884,"['Rua Cotoxó, 300, Perdizes, São Paulo - SP, 05021-000, Brasil, São Paulo, SP 05021-000, BRA', (-23.5297899, -46.68338)]","-23.5297899,-46.68338",,,false,false
106,Fundação josé jorge antonio mauad,Perdizes,1259000,São Paulo,,,rua havai 98,,SP,,de 0 a 18 anos,7,Brasil,,,,11-3868-1001,"['Rua Havaí, 98, Perdizes, São Paulo - SP, 01259-000, Brasil, São Paulo, SP 01259-000, BRA', (-23.54314, -46.6841099)]","-23.54314,-46.6841099",,,false,false
107,Abrigo são judas tadeu,Planalto Paulista,04061-003,São Paulo,"O Abrigo São Judas Tadeu foi inaugurado em 2008 e acolhe cerca de 20 crianças e adolescentes em regime de internato. Ele é uma das obras sociais do IMSJT (Instituto Meninos de São Judas Tadeu), fundado em 1946 pela Congregação dos Padres do Sagrado Coração de Jesus (Dehonianos).",abrigosaojudastadeu@imsjt.org.br,av. itacira 2800,,SP,,,20,Brasil,,Fabiana Gonçalves,http //www.imsjt.org.br/abrigo-sao-judas-tadeu,11-5586-8666,"['Avenida Itacira, 2800, Saúde, São Paulo - SP, 04061-003, Brasil, São Paulo, SP 04061-003, BRA', (-23.62632, -46.64387)]","-23.62632,-46.64387",,,false,false
108,Lar das crianças casa do caminho,Praça XV de Novembro,8246050,São Paulo,,lardascriancas1@terra.com.br,rua jiparaná 721,,SP,,de 0 a 18 anos,20,Brasil,,,,11-2205-9128,"['Rua Jiparaná, 721, Itaquera, São Paulo - SP, 08246-050, Brasil, São Paulo, SP 08246-050, BRA', (-23.52921, -46.43985)]","-23.52921,-46.43985",,,false,false
109,Lar dom luiz caburlotto,Santa Rita do Passa Quatro,13670000,São Paulo,,,rua victor meirelles 191,,SP,,,,Brasil,,,,19-3582.1524,"['Rua Victor Meirelles, 191, Jardim Esmeraldina, Campinas - SP, 13046-545, Brasil, Campinas, SP 13046-545, BRA', (-22.9345399, -47.01281)]","-22.9345399,-47.01281",,,false,false
110,Orfanato cotic unidade 3,Santa Terezinha,,São Paulo,,cotic@superig.com.br,r. luis antonio dos santos 432,,SP,,,,Brasil,,,http //cotic.org.br,11-2261-5797,"['Rua Luís Antônio dos Santos, 432, Santana, São Paulo - SP, 02460-000, Brasil, São Paulo, SP 02460-000, BRA', (-23.49095, -46.6370999)]","-23.49095,-46.6370999",,,false,false
111,Abrigo lar santana,Santana,2020001,São Paulo,,larsantana@caspiedade.org.br,rua marechal hermes da fonseca 583,,SP,,,,Brasil,,,,11-3467-3707,"['Rua Marechal Hermes da Fonseca, 583, Santana, São Paulo - SP, 02020-008, Brasil, São Paulo, SP 02020-008, BRA', (-23.49497, -46.6326899)]","-23.49497,-46.6326899",,,false,false
112,Casa de amparo ao menor tia marly,Santana,2036022,São Paulo,,contato@casatiamarly.org.br,rua duarte de azevedo 608 zona norte,,SP,,de 0 a 10 anos,,Brasil,,,www.casatiamarly.org.br,11-2099-3725,"['Rua Duarte de Azevedo, 608, Santana, São Paulo - SP, 02036-022, Brasil, São Paulo, SP 02036-022, BRA', (-23.50112, -46.61998)]","-23.50112,-46.61998",,,false,false
113,Lar anjo gabriel,SANTANA,2018011,São Paulo,,,rua conselheiro moreira de barros 297,,SP,,de 3 a 7 anos,60,Brasil,,,http //www.laranjogabriel.com.br,11-2973-2727,"['Rua Conselheiro Moreira de Barros, 297, Santana, São Paulo - SP, 02018-010, Brasil, São Paulo, SP 02018-010, BRA', (-23.4966048, -46.6283885)]","-23.4966048,-46.6283885",,,false,false
114,Pe. damian kirckgessner,Santana,2404100,São Paulo,Ligado a ONG COR - Centro de Orientação a família.,cor.apdk@uol.com.br.,rua padre donizetti tavares de lima 198,,SP,,de 0 a 18 anos,20,Brasil,,Celia Regina,,11-2959-5002,"['Rua Padre Donizetti Tavares de Lima, 198, Vila Voturuá, São Vicente - SP, 11380-590, Brasil, São Vicente, SP 11380-590, BRA', (-23.9611766, -46.3668616)]","-23.9611766,-46.3668616",,,false,false
115,Abrigo casa 1,Santo Amaro,4747090,São Paulo,Ligado a ONG Casa da Criança e do Adolescente de Santo Amaro - GROSSARL.,casagrossarl@ig.com.br,rua padre chico,,SP,,de 0 a 18 anos,20,Brasil,,ABRIGO CASA 2,,11-5686-3288,"['Rua Padre Chico, Perdizes, São Paulo - SP, 05008-010, Brasil, São Paulo, SP 05008-010, BRA', (-23.52918, -46.68338)]","-23.52918,-46.68338",,,false,false
116,Abrigo casa 2,Santo Amaro,4747090,São Paulo,Ligado a ONG Casa da Criança e do Adolescente de Santo Amaro - GROSSARL.,casagrossarl@ig.com.br,rua padre chico 436,,SP,,de 0 a 18 anos,20,Brasil,,,,11-5686-3288,"['Rua Padre Chico, 436, Santo Amaro, São Paulo - SP, 04747-090, Brasil, São Paulo, SP 04747-090, BRA', (-23.65597, -46.69523)]","-23.65597,-46.69523",,,false,false
117,Casa da criança e adolescente santo amaro grossarl,Santo Amaro,4747090,São Paulo,,administracao@casadacriancasantoamaro.org.br,rua padre chico 308/320,,SP,,de 0 a 18 anos,,Brasil,,,http //www.casadacriancasantoamaro.org.br/,11-3624-2660,"['Rua Padre Chico, 320, Santo Amaro, São Paulo - SP, 04747-090, Brasil, São Paulo, SP 04747-090, BRA', (-23.65666, -46.69616)]","-23.65666,-46.69616",,,false,false
118,Lar vila acalanto,Santo Amaro - Zona Sul,4901000,São Paulo,,acalanto@acalanto.org.br,estrada de guarapiranga 1050,,SP,,,,Brasil,,,http //www.acalanto.org.br,11-5514 6327,"['Estrada de Guarapiranga, Jardim São Luís, São Paulo - SP, 04911-005, Brasil, São Paulo, SP 04911-005, BRA', (-23.6854, -46.74893)]","-23.6854,-46.74893",,,false,false
119,Lar saint germain,São Domingos,5133100,São Paulo,,daniela@larsaintgermain.org.br,r. são francisco de assis 783,,SP,,,,Brasil,,,http //www.larsaintgermain.org.br,11-3906-8474,"['Rua São Francisco de Assis, 783, São Domingos, São Paulo - SP, 05133-100, Brasil, São Paulo, SP 05133-100, BRA', (-23.48776, -46.73987)]","-23.48776,-46.73987",,,false,false
120,Casa dom luciano,Tatuapé,3086040,São Paulo,Ligada ao Centro Social Nossa Senhora do Bom Parto,casadomluciano@ig.com.br,rua síria 248,,SP,,de 0 a 17 anos,22,Brasil,,Erica ou Viviane,www.acolhe.org.br,11-2092-5046,"['Rua Síria, 248, Tatuapé, São Paulo - SP, 03086-040, Brasil, São Paulo, SP 03086-040, BRA', (-23.53154, -46.5662)]","-23.53154,-46.5662",,,false,false
121,Lar da criança ninho de paz,Tatuapé,3316070,São Paulo,,ninhodepaz@ig.com.br,rua praça heitor levi 07,,SP,,de 0 a 18 anos,20,Brasil,,,,11-2097-2839,"['Praça Heitor Levy, Tatuapé, São Paulo - SP, 03316-070, Brasil, São Paulo, SP 03316-070, BRA', (-23.5400199, -46.56092)]","-23.5400199,-46.56092",,,false,false
122,Lar mãe do divino amor,Tatuapé,3335090,São Paulo,,lemda@uol.com.br,rua francisco ziccardi 420,,SP,,,47,Brasil,,,http //www.larmae.com.br/index2.html,11-6671-5047,"['Rua Francisco Zicardi, 420, Vila Formosa, São Paulo - SP, 03335-090, Brasil, São Paulo, SP 03335-090, BRA', (-23.5587, -46.56663)]","-23.5587,-46.56663",,,false,false
123,Casa de david tabernáculo espírita para excepcionais,Vila Airosa,2284000,São Paulo,,juridicocasadedavid@uol.com.br,rodovia fernão dias km 82,,SP,,de 14 a 18 anos,5,Brasil,,,,11-2453-6600,"['Rodovia Fernão Dias, Mairiporã - SP, 07600-000, Brasil, Mairiporã, SP 07600-000, BRA', (-23.28152, -46.58706)]","-23.28152,-46.58706",,,false,false
124,Casa lar estrela brilha,Vila Amália,,São Paulo,,,r. antonio dias da silva 371,,SP,,,,Brasil,,,http //www.casalarestrelabrilha.org.br,11-2233-4146,"['Rua Antônio Dias da Silva, 371, Cachoeirinha, São Paulo - SP, 02618-110, Brasil, São Paulo, SP 02618-110, BRA', (-23.46707, -46.64994)]","-23.46707,-46.64994",,,false,false
125,Nossa senhora auxiliadora - ages,Vila Anatácio,5093050,São Paulo,,agesgaudium@uol.com.br,rua martinho de campos 420,,SP,,de 0 a 18 anos,20,Brasil,,CENTRO ESPÍRITA IRMÃ NICE I,,11-3641-4199,"['Rua Martinho de Campos, 420, Lapa, São Paulo - SP, 05093-050, Brasil, São Paulo, SP 05093-050, BRA', (-23.51485, -46.72175)]","-23.51485,-46.72175",,,false,false
126,Laura vicugna,Vila Aurea,8411090,São Paulo,Ligada a ONG Obra Social Dom Bosco.,geral@domboscoitaquera.org.br,rua coutinho e melo 34,,SP,,de 0 a 18 anos,20,Brasil,,,,11-2557-5427,"['Rua Coutinho e Melo, 34, Guaianases, São Paulo - SP, 08411-090, Brasil, São Paulo, SP 08411-090, BRA', (-23.54708, -46.40923)]","-23.54708,-46.40923",,,false,false
127,Associação casa de apoio amigos da vida - acaav,Vila Bancária,3918080,São Paulo,,acaav@acaav.org.br,rua do controle 96,,SP,,de 0 a 18 anos,20,Brasil,,Elisangela,,11-2302-6821,"['Rua do Controle, 96, Sapopemba, São Paulo - SP, 03918-080, Brasil, São Paulo, SP 03918-080, BRA', (-23.58956, -46.52175)]","-23.58956,-46.52175",,,false,false
128,Creca,Vila Buarque,1224030,São Paulo,Ligada a ONG Instituto Mensageiros.,instituto@institutomensageiros.org.br,rua fortunato 117/119,,SP,,de 0 a 18 anos,20,Brasil,,,,11-3333-5595,"['Rua Fortunato, 117, Santa Cecília, São Paulo - SP, 01224-030, Brasil, São Paulo, SP 01224-030, BRA', (-23.53992, -46.65159)]","-23.53992,-46.65159",,,false,false
129,Casa abrigo irmã maria santos costa,Vila Carmosina,8295001,São Paulo,Ligada a ONG Obra Social Dom Bosco.,geral@domboscoitaquera.org.br,av. itaquera 7486,,SP,,de 0 a 18 anos,20,Brasil,,,,11-2286-1666,"['Avenida Itaquera, 7486, Itaquera, São Paulo - SP, 08210-435, Brasil, São Paulo, SP 08210-435, BRA', (-23.5453, -46.46073)]","-23.5453,-46.46073",,,false,false
130,Casa da criança betinho -lar espírita para excepcionais,Vila Carrão,3433025,São Paulo,,casabetinho@uol.com.br,rua vacanga 300,,SP,,de 1 a 18 anos,89,Brasil,,,,11-27817366,"['Rua Vacanga, 300, Carrão, São Paulo - SP, 03433-025, Brasil, São Paulo, SP 03433-025, BRA', (-23.56021, -46.53232)]","-23.56021,-46.53232",,,false,false
131,Centro espírita irmã nice i,Vila Carrão,3420000,São Paulo,,,rua dentista barreto 978,,SP,,de 0 a 18 anos,14,Brasil,,,,11-2296-3462,"['Rua Dentista Barreto, 978, Carrão, São Paulo - SP, 03420-000, Brasil, São Paulo, SP 03420-000, BRA', (-23.55005, -46.54568)]","-23.55005,-46.54568",,,false,false
132,Centro espírita irmã nice ii,Vila Carrão,3421000,São Paulo,,,rua evangelina 687,,SP,,de 0 a 18 anos,24,Brasil,,,,11-2294-8312,"['Rua Evangelina, 687, Carrão, São Paulo - SP, 03421-000, Brasil, São Paulo, SP 03421-000, BRA', (-23.54906, -46.54368)]","-23.54906,-46.54368",,,false,false
133,Lar da infância de nice,Vila Carrão,342000,São Paulo,,nice@lardenice.com.br,rua dentista barreto 978,,SP,,,,Brasil,,Edileusa,http //www.lardenice.com.br/,11-2941-5900,"['Rua Dentista Barreto, 978, Carrão, São Paulo - SP, 03420-000, Brasil, São Paulo, SP 03420-000, BRA', (-23.55005, -46.54568)]","-23.55005,-46.54568",,,false,false
134,Associação cruz verde,Vila Clementino,4037002,São Paulo,A instituição abriga crianças e adolescentes portadores de paralisia cerebral grave.,cruzverde@cruzverde.org.br,rua dr. diogo de faria 695,,SP,,de 0 a 18 anos,20,Brasil,,,,11-5579-7335,"['Rua Doutor Diogo de Faria, 695, Vila Mariana, São Paulo - SP, 04037-002, Brasil, São Paulo, SP 04037-002, BRA', (-23.59588, -46.6434799)]","-23.59588,-46.6434799",,,false,false
135,3º lar - joão paulo,VILA CORDEIRO,4580030,São Paulo,,voluntariado@helendrexel.org.br,rua filinto gomes da silva 35,Associação Maria Helen Drexel - AMHD,SP,,,,Brasil,,,www.helendrexel.org.br,11-3628-1891,"['Rua Filinto Gomes Silva, 35, Itaim Bibi, São Paulo - SP, 04580-030, Brasil, São Paulo, SP 04580-030, BRA', (-23.61536, -46.69154)]","-23.61536,-46.69154",,,false,false
136,Lar judith angela paganini corcelli,Vila Esperança,3649010,São Paulo,,larjudith@terra.com.br,rua heloisa penteado 317,,SP,,de 0 a 18 anos,14,Brasil,,,,11-2791-4341,"['Rua Heloísa Penteado, 317, Penha, São Paulo - SP, 03649-010, Brasil, São Paulo, SP 03649-010, BRA', (-23.52452, -46.5224)]","-23.52452,-46.5224",,,false,false
137,Casa do amparo fraterno jesus de nazare,Vila Gomes,5591010,São Paulo,,casadoamparo@casadoamparo.org.br,rua embaixador cavalcante de lacerda 285,,SP,,de 0 a 18 anos,,Brasil,,Luiz Teixeira,http //casadoamparo.org.br,11-3721-6787,"['Avenida Embaixador Cavalcânti de Lacerda, 285, Butantã, São Paulo - SP, 05591-010, Brasil, São Paulo, SP 05591-010, BRA', (-23.57754, -46.73645)]","-23.57754,-46.73645",,,false,false
138,Lar sirio pró infância - abrigo i,Vila Gomes Cardim,3318000,São Paulo,,,rua serra de bragança 1086 apto 2,,SP,,de 0 a 18 anos,40,Brasil,,,,11-2192-4811,"['Rua Serra de Bragança, 1086, Tatuapé, São Paulo - SP, 03318-000, Brasil, São Paulo, SP 03318-000, BRA', (-23.5446, -46.56536)]","-23.5446,-46.56536",,,false,false
139,Lar sirio pró infância - abrigo ii,Vila Gomes Cardim,3318000,São Paulo,,,rua serra de bragança 1086 apto 1,,SP,,de 0 a 18 anos,40,Brasil,,,,11-2192-4811,"['Rua Serra de Bragança, 1086, Tatuapé, São Paulo - SP, 03318-000, Brasil, São Paulo, SP 03318-000, BRA', (-23.5446, -46.56536)]","-23.5446,-46.56536",,,false,false
140,Betsaida,Vila Guedes,5134140,São Paulo,,betsaida@terra.com.br,rua itapiracó 101,,SP,,de 0 a 18 anos,20,Brasil,,,,11-3902-6648,"['Rua Itapiracó, 101, São Domingos, São Paulo - SP, 05134-140, Brasil, São Paulo, SP 05134-140, BRA', (-23.48848, -46.74243)]","-23.48848,-46.74243",,,false,false
141,Edel quinn,Vila Guilherme,2066000,São Paulo,Ligado a ONG COR - Centro de Orientação a Família.,CORFAMILIA@UOL.COM.BR,rua ida silva 165,,SP,,de 0 a 18 anos,20,Brasil,,,,11-2901-5378,"['Rua Ida da Silva, 165, Vila Guilherme, São Paulo - SP, 02066-000, Brasil, São Paulo, SP 02066-000, BRA', (-23.50662, -46.60865)]","-23.50662,-46.60865",,,false,false
142,Lar solid brasil,Vila Guilherme,02075-000,São Paulo,,contato@institutosrbrasil.org.br,rua josé gonçalves gomide 336,Instituto Solid Rock Brasil,SP,http //www.facebook.com/pages/Lar-Solid-Rock-Brasil/130239100404814,de 0 a 17 anos,20,Brasil,,Miriam,http //www.institutosrbrasil.org.br/,11-2905-2939,"['Rua José Gonçalves Gomide, 336, Vila Guilherme, São Paulo - SP, 02075-000, Brasil, São Paulo, SP 02075-000, BRA', (-23.50526, -46.6029)]","-23.50526,-46.6029",,,false,false
143,Movimento Apoio a Integração Social,Vila Guilhermina,03545-020,São Paulo,,mais.mais@zipmail.com.br,"Rua Jandáia Do Sul, 57",,SP,,,,Brasil,,,,(11) 2682-1634,"['Rua Jandáia do Sul, 57, Vila Guilhermina, São Paulo - SP, 03545-020, Brasil, São Paulo, SP 03545-020, BRA', (-23.52908, -46.51475)]","-23.52908,-46.51475",,,false,false
144,Associação Civil O Cantinho Que Encontrei,Bela Aliança,05089-000,São Paulo,,cantinhoqueencontrei@hotmail.com,"Rua Guaipá, 120",,SP,,de 0 a 18 anos,20,Brasil,,,,(11) 3641-9199,"['Rua Guaipá, 120, Vila Leopoldina, São Paulo - SP, 05088-000, Brasil, São Paulo, SP 05088-000, BRA', (-23.52128, -46.72335)]","-23.52128,-46.72335",,,false,false
145,Associação Marly Cury,Pinheiros,05404-010,São Paulo,,abrigo@associacaomarlycury.org.br,"Rua Alves Guimarães, 257",,SP,https://www.facebook.com/pages/category/Community-Organization/Associa%C3%A7%C3%A3o-Marly-Cury-289224211098765/,de 0 a 18 anos,20,Brasil,,,,(11) 3021-1262,"['Rua Alice Macuco Alves, 89, Alto de Pinheiros, São Paulo - SP, 05453-010, Brasil, São Paulo, SP 05453-010, BRA', (-23.53977, -46.70665)]","-23.53977,-46.70665",,,false,false
146,2º Lar - Carlos Afonso Lopes,Vila Marari,04401-090,São Paulo,,voluntariado@helendrexel.org.br,"Rua Frei João do Rosário, 12",Associação Maria Helen Drexel - AMHD,SP,,,,Brasil,,,www.helendrexel.org.br,(11) 3628-1891,"['Rua Frei João do Rosário, 12, Cidade Ademar, São Paulo - SP, 04401-090, Brasil, São Paulo, SP 04401-090, BRA', (-23.66807, -46.66474)]","-23.66807,-46.66474",,,false,false
147,5º Lar - Nossa Senhora das Graças,Vila Marari,04401-090,São Paulo,,voluntariado@helendrexel.org.br,"Rua Frei João do Rosário, 16",Associação Maria Helen Drexel - AMHD,SP,,,,Brasil,,,www.helendrexel.org.br,(11) 3628-1891,"['Rua Frei João do Rosário, 16, Cidade Ademar, São Paulo - SP, 04401-090, Brasil, São Paulo, SP 04401-090, BRA', (-23.66811, -46.66473)]","-23.66811,-46.66473",,,false,false
148,Abrigo Minha Casa,Vila Mariana,04017-050,São Paulo,Ligado a ONG Associação Beneficente Santa Fé.,santafe@santafe.org.br,"Rua Professor Frontino Guimarães, 245",,SP,,de 0 a 18 anos,20,Brasil,,,,(11) 5539-1442,"['Rua Professor Frontino Guimarães, 245, Vila Mariana, São Paulo - SP, 04017-050, Brasil, São Paulo, SP 04017-050, BRA', (-23.59062, -46.64023)]","-23.59062,-46.64023",,,false,false
149,Abrigo Vovó Ilza,Vila Mariana,04016-000,São Paulo,Ligado a ONG Associação Beneficente Santa Fé.,ongsantafe@gmail.com,"Rua Conde de Irajá, 171",,SP,,de 0 a 17 anos,20,Brasil,,,,(11) 5549-0223,"['Rua Conde de Irajá, 171, Vila Mariana, São Paulo - SP, 04119-010, Brasil, São Paulo, SP 04119-010, BRA', (-23.59147, -46.63364)]","-23.59147,-46.63364",,,false,false
150,Lar Tia Edna,Bosque da Saúde,04043-000,São Paulo,"O Lar fui fundado em 1957, por uma missionária americana chamada Edna Deakins.
Sua maior motivação foi devida a um pequeno bebê que foi  abandonado em frente à sua porta. Ela deu-lhe o nome de Sergio e ele tornou-se seu primeiro filho e a razão principal da existência do “Lar Tia Edna”.
Edna Deakins viu a necessidade do Brasil em relação a menores carentes e então largou tudo que tinha nos Estados Unidos e rumou para o Brasil com uma amiga Suíça para dar inicio a este trabalho. Edna não tinha dinheiro e dependeu unicamente de alguns irmãos que a ajudaram. O maior mantenedor sempre foi Deus.
O objetivo da Tia Edna era o de dar aos órfãos e crianças abandonadas um lar onde fossem cuidadas com carinho, numa atmosfera familiar. Tia Edna era chamada de mamãe por todas as crianças e cuidou de mais de 200 filhos ao longo de trinta anos. Ela nunca se preocupou em como iria conseguir cuidar e alimentar tantas crianças.",lartiaedna@gmail.com,Rua Luís Góis. 262,,SP,,de 12 a 18 anos,21,Brasil,,Henry ou Nilma,http://www.lartiaedna.com.br,(11) 2577-2043,"['Rua Luís Góis, 262, Saúde, São Paulo - SP, 04043-250, Brasil, São Paulo, SP 04043-250, BRA', (-23.6039651, -46.6298254)]","-23.6039651,-46.6298254",,,false,false
151,ABECAL Ipiranga,Ipiranga,04261-070,São Paulo,Ligada a ONG Sociedade Beneficente São Camilo.,abrigoipi@ig.com.br,"Rua Armorial, 16",,SP,,de 0 a 18 anos,20,Brasil,,,http //www.camilianos.org.br/Detalhes_Hospi.asp?id=44,(11) 3806-2883,"['Rua Amorial, 16, Ipiranga, São Paulo - SP, 04261-070, Brasil, São Paulo, SP 04261-070, BRA', (-23.58014, -46.61092)]","-23.58014,-46.61092",,,false,false
152,Lar Escola Cairbar Schutel I,Vila Morse,05623-010,São Paulo,,,"Rua Francisco Preto, 213",,SP,,de 0 a 18 anos,20,Brasil,,,,(11) 3742-0516,"['Rua Francisco Preto, 213, Vila Sônia, São Paulo - SP, 05623-010, Brasil, São Paulo, SP 05623-010, BRA', (-23.60106, -46.72769)]","-23.60106,-46.72769",,,false,false
153,Lar Escola Cairbar Schutel II,Vila Morse,05623-010,São Paulo,,haercio@uol.com.br,"Rua Francisco Preto, 199",,SP,,de 0 a 17 anos,20,Brasil,,,,(11) 2679-3739,"['Rua Francisco Preto, 199, Vila Sônia, São Paulo - SP, 05623-010, Brasil, São Paulo, SP 05623-010, BRA', (-23.60104, -46.72769)]","-23.60104,-46.72769",,,false,false
154,Sol e Vida,Vila Pauliceia,02301-070,São Paulo,Ligado a ONG COR - Centro de Orientação a família.,,"Rua George Oetterer, 190",,SP,,de 0 a 18 anos,20,Brasil,,,,(11) 2959-7788,"['Rua George Oeterer, 190, Santana, São Paulo - SP, 02301-070, Brasil, São Paulo, SP 02301-070, BRA', (-23.49174, -46.61453)]","-23.49174,-46.61453",,,false,false
155,Cruzada Pró- Infância,Vila Pirajussara,05579-020,São Paulo,,CRUZADA@CRUZADA.ORG.BR,"Rua Acangueruçu, 142",,SP,,de 0 a 18 anos,20,Brasil,,,,(11)3726-1162,,,,,false,false
156,Lar Batista de Crianças,Liberdade,01526-010,São Paulo,"Ligado a ONG Lar Batista de Crianças.

Fazer o bem pode ser um grande diferencial para o seu coração e um super negócio para sua empresa.",promocao@larbatista.com.br,"Rua Bueno de Andrade, 266",,SP,https://www.facebook.com/lbcaclimacao/,de 0 a 18 anos,20,Brasil,,,,(11) 3208-1400,"['Rua Miguel Gonçalves Correia, 606, Campo Limpo, São Paulo - SP, 05786-160, Brasil, São Paulo, SP 05786-160, BRA', (-23.63741, -46.77472)]","-23.63741,-46.77472",,,false,false
157,Lar Batista de Crianças de Pirajussara,Vila Pirajussara,05786-160,São Paulo,,pirajussara@larbatista.com.br,"Rua Miguel Gonçalves Correia, 606",,SP,,de 0 a 17 anos,20,Brasil,,,http://www.larbatista.com.br,(11)5841-1575,"['Rua Miguel Gonçalves Correia, 606, Campo Limpo, São Paulo - SP, 05786-160, Brasil, São Paulo, SP 05786-160, BRA', (-23.63741, -46.77472)]","-23.63741,-46.77472",,,false,false
158,Casa Irmão Genésio Dalmônico,Vila Princesa Isabel,08410-160,São Paulo,Ligada a ONG Obra Social Dom Bosco.,geral@domboscoitaquera.org.br,"Rua Serra do Mar, 46",,SP,,de 0 a 18 anos,20,Brasil,,,,(11)2552-6715,"['Rua Serra do Mar, 46, Guaianases, São Paulo - SP, 08410-160, Brasil, São Paulo, SP 08410-160, BRA', (-23.54658, -46.41653)]","-23.54658,-46.41653",,,false,false
159,Casa Abrigo Rogacionista,Vila Romana,05049-000,São Paulo,,,"Rua Catão, 1422",,SP,,de 0 a 18 anos,20,Brasil,,,,(11)3801-2861,"['Rua Catão, 1422, Lapa, São Paulo - SP, 05049-000, Brasil, São Paulo, SP 05049-000, BRA', (-23.5328, -46.69989)]","-23.5328,-46.69989",,,false,false
160,Abrigo Capela do Socorro,Vila Santa Maria,04810-010,São Paulo,Ligada a ONG Sociedade Beneficente São Camilo.,abrigo.capelasocorro@ig.com.br,"Rua Valter Ribeiro Marrany, 152",,SP,,de 0 a 18 anos,20,Brasil,,,http //www.camilianos.org.br/Detalhes_Hospi.asp?id=45,-11,"['Rua Válter Ribeiro Marrany, 152, Cidade Dutra, São Paulo - SP, 04810-010, Brasil, São Paulo, SP 04810-010, BRA', (-23.71327, -46.69683)]","-23.71327,-46.69683",,,false,false
161,Abrigo Sai Artur Alvim,Vila Santa Teresa,03565-050,São Paulo,,sai.alvim@caspiedade.org.br,"Rua Doutor Emanuel Dias, 371",,SP,,,,Brasil,,,,11-2712-1160,"['Rua Doutor Emanuel Dias, 371, Artur Alvim, São Paulo - SP, 03565-050, Brasil, São Paulo, SP 03565-050, BRA', (-23.53878, -46.49307)]","-23.53878,-46.49307",,,false,false
162,Lar Cairbar Schutel III,Vila Sônia,05632-010,São Paulo,"O Lar Escola Cairbar Schutel (LECS), instituição que atende crianças e adolescentes em situação de risco social, espera ampliar o número de voluntários com o passar dos anos.",monain@uol.com.br,"Rua Francisco Preto, 213",,SP,,de 0 a 17 anos,20,Brasil,,Monain,www.cairbarschutel.org,11-3746-7032,"['Rua Francisco Preto, 213 - Vila Morse, São Paulo - SP, 05632-010, Brasil, São Paulo, SP 05632-090, BRA', (-23.59647, -46.7323)]","-23.59647,-46.7323",,,false,false
